{
  "id": "matp-heldengruppe",
  "name": "matp-heldengruppe",
  "title": "MAtP Die Heldengruppe",
  "description": "MAtP Basismodul mit allen individuellen Anpassungen, Charakteren und Karten.",
  "version": "0.0.1",
  "minimumCoreVersion": "0.8.6",
  "compatibleCoreVersion": "10",
  "compatibility": {
    "minimum": "0.8.6",
    "verified": "10",
    "maximum": "10"
  },
  "author": "MAtP",
  "authors": [
    {
      "name": "MAtP"
    }
  ],
  "packs": [
        {
            "name": "matp_creatures",
            "label": "Heldengruppe Akteure",
            "path": "./packs/creatures.db",
            "entity": "Actor",
            "type": "Actor"
        },
        {
            "name": "matp_items",
            "label": "Heldengruppe Items",
            "path": "./packs/items.db",
            "entity": "Item",
            "type": "Item"
        },
        {
            "name": "matp_scenes",
            "label": "Heldengruppe Szenen",
            "path": "./packs/scenes.db",
            "entity": "Scene",
            "type": "Scene"
        },
        {
            "name": "matp_journal-entries",
            "label": "Heldengruppe Journale",
            "path": "./packs/journal-entries.db",
            "entity": "JournalEntry",
            "type": "JournalEntry"
        },
        {
            "name": "matp_macros",
            "label": "Heldengruppe Macros",
            "path": "./packs/macros.db",
            "entity": "Macro",
            "type": "Macro"
        },
        {
            "name": "matp_roll-tables",
            "label": "Heldengruppe Roll Tables",
            "path": "./packs/roll-tables.db",
            "entity": "RollTable",
            "type": "RollTable"
        },
        {
            "name": "matp_playlists",
            "label": "Heldengruppe Playlists",
            "path": "./packs/playlists.db",
            "entity": "Playlist",
            "type": "Playlist"
        }
    ],
    "manifest": "https://raw.githubusercontent.com/derkaktus/matp_vtt_dsa5/main/matp-heldengruppe/module.json",
    "download": "https://github.com/derkaktus/matp_vtt_dsa5/raw/main/files/matp-heldengruppe-0.0.1.zip"
  }
